{"cameraMode":{"drawMode":0,"name":"Shaded","section":"Shading Mode"},"sceneLighting":true,"audioPlay":false,"sceneViewState":{"m_AlwaysRefresh":false,"showFog":true,"showSkybox":true,"showFlares":true,"showImageEffects":true,"showParticleSystems":true,"showVisualEffectGraphs":true,"m_FxEnabled":true},"in2DMode":false,"pivot":{"x":9.793709754943848,"y":23.111175537109376,"z":11.040115356445313},"rotation":{"x":0.06656217575073242,"y":0.006281976588070393,"z":-0.00041159760439768434,"w":0.9978050589561462},"size":39.75784683227539,"orthographic":false}